cell_id,Name,celltype,tissue,species,modification_method,locus/gene,tag,modification type,mutation,transgene,resistance,inducible,biosafety level,mycoplasma status,myco PCR date,culture type,medium,notes,protocol for generation,description,comments,publication
C0001,tet123cm Dnmt3a_cat Cl. 1B5,ESC,inner cell mass,mouse,CRISPR,DNMT3a,, mutation,C706W,,,no,1,negative,12.01.18,adherent,Serum2iLIF,,,,,
C0002,tet123cm Dnmt3a_cat Cl. 2D1,ESC,inner cell mass,mouse,CRISPR,DNMT3a,, mutation,C706W,,,no,1,negative,12.01.18,adherent,Serum2iLIF,,,,,
C0003,tet123cm Dnmt3a_cat Cl. 3G2,ESC,inner cell mass,mouse,CRISPR,DNMT3a,, mutation,C706W,,,no,1,negative,11.01.18,adherent,Serum2iLIF,,,,,
C0004,tet123cm Dnmt3a_cat Cl. 4E5,ESC,inner cell mass,mouse,CRISPR,DNMT3a,, mutation,C706W,,,no,1,negative,11.01.18,adherent,Serum2iLIF,,,,,
C0005,Tet123cm/Dnmt3a/b_cm 3D12,ESC,inner cell mass,mouse,CRISPR,DNMT3b,, mutation,C658W,,,no,1,negative,22.06.18,adherent,Serum2iLIF,,,,,
C0006,Tet123cm/Dnmt3a/b_cm 3F7,ESC,inner cell mass,mouse,CRISPR,DNMT3b,, mutation,C658W,,,no,1,negative,22.06.18,adherent,Serum2iLIF,,,,,
C0007,Tet123cm/Dnmt3a/b_cm 3G12,ESC,inner cell mass,mouse,CRISPR,DNMT3b,, mutation,C658W,,,no,1,negative,22.06.18,adherent,Serum2iLIF,,,,,
C0008,Tet123cm/Dnmt3a/b_cm 2A7,ESC,inner cell mass,mouse,CRISPR,DNMT3b,, mutation,C658W,,,no,1,negative,22.06.18,adherent,Serum2iLIF,,,,,
C0009,Tet123cm/Dnmt3a/b_cm 3D1,ESC,inner cell mass,mouse,CRISPR,DNMT3b,, mutation,C658W,,,no,1,negative,22.06.18,adherent,Serum2iLIF,,,,,
C0010,Tet123cm/Dnmt3a/b_cm 4G10,ESC,inner cell mass,mouse,CRISPR,DNMT3b,, mutation,C658W,,,no,1,negative,22.06.18,adherent,Serum2iLIF,,,,,
C0011,Hexa_cm 2C7,ESC,inner cell mass,mouse,CRISPR,DNMT1,, mutation,C1229W,,,no,1,negative,20.07.18,adherent,Serum2iLIF,,,,,
C0012,Hexa_cm 4B11,ESC,inner cell mass,mouse,CRISPR,DNMT1,, mutation,C1229W,,,no,1,negative,30.07.18,adherent,Serum2iLIF,,,,,
C0013,Hexa_cm  1B9,ESC,inner cell mass,mouse,CRISPR,DNMT1,, mutation,C1229W,,,no,1,negative,17.05.19,adherent,Serum2iLIF,,,,,
C0014,Hexa_cm  1B10,ESC,inner cell mass,mouse,CRISPR,DNMT1,, mutation,C1229W,,,no,1,negative,17.05.19,adherent,Serum2iLIF,,,,,
C0015,Hexa_cm 3D11,ESC,inner cell mass,mouse,CRISPR,DNMT1,, mutation,C1229W,,,no,1,negative,17.05.19,adherent,Serum2iLIF,,,,,
C0016,Hexa_cm 3G1,ESC,inner cell mass,mouse,CRISPR,DNMT1,, mutation,C1229W,,,no,1,negative,17.05.19,adherent,Serum2iLIF,,,,,